﻿symbol,lot
AARTIIND,425
ACC,500
ADANIENT,2000
ADANIPORTS,2500
AMARAJABAT,1000
AMBUJACEM,3000
APOLLOHOSP,500
APOLLOTYRE,5000
ASHOKLEY,9000
ASIANPAINT,300
AUROPHARMA,650
AXISBANK,1200
BAJAJ-AUTO,250
BAJAJFINSV,125
BAJFINANCE,250
BALKRISIND,400
BANDHANBNK,1800
BANKBARODA,11700
BATAINDIA,550
BEL,7600
BERGEPAINT,1100
BHARATFORG,1500
BHARTIARTL,1851
BHEL,21000
BIOCON,2300
BOSCHLTD,50
BPCL,1800
BRITANNIA,200
CADILAHC,2200
CANBK,5400
CHOLAFIN,2500
CIPLA,1300
COALINDIA,4200
COFORGE,375
COLPAL,700
CONCOR,1563
CUMMINSIND,1200
DABUR,1250
DIVISLAB,200
DLF,3300
DRREDDY,125
EICHERMOT,350
ESCORTS,550
EXIDEIND,3600
FEDERALBNK,10000
GAIL,6100
GLENMARK,1150
GMRINFRA,22500
GODREJCP,1000
GODREJPROP,650
GRASIM,950
HAVELLS,1000
HCLTECH,700
HDFC,300
HDFCAMC,200
HDFCBANK,550
HDFCLIFE,1100
HEROMOTOCO,300
HINDALCO,4300
HINDPETRO,2700
HINDUNILVR,300
IBULHSGFIN,3100
ICICIBANK,1375
ICICIGI,425
ICICIPRULI,1500
IDEA,70000
IDFCFIRSTB,19000
IGL,1375
INDIGO,500
INDUSINDBK,900
INDUSTOWER,2800
INFY,600
IOC,6500
ITC,3200
JINDALSTEL,5000
JSWSTEEL,2700
JUBLFOOD,250
KOTAKBANK,400
L&TFH,8924
LALPATHLAB,250
LICHSGFIN,2000
LT,575
LUPIN,850
M&M,1400
M&MFIN,4000
MANAPPURAM,6000
MARICO,2000
MARUTI,100
MCDOWELL-N,1250
MFSL,1300
MGL,600
MINDTREE,800
MOTHERSUMI,7000
MRF,10
MUTHOOTFIN,750
NATIONALUM,17000
NAUKRI,250
NESTLEIND,50
NMDC,6700
NTPC,5700
ONGC,7700
PAGEIND,30
PEL,550
PETRONET,3000
PFC,6200
PIDILITIND,500
PNB,16000
POWERGRID,4000
PVR,407
RAMCOCEM,850
RBLBANK,2900
RECLTD,6000
RELIANCE,250
SAIL,19000
SBILIFE,750
SBIN,3000
SHREECEM,50
SIEMENS,550
SRF,125
SRTRANSFIN,800
SUNPHARMA,1400
SUNTV,1500
TATACHEM,2000
TATACONSUM,1350
TATAMOTORS,5700
TATAPOWER,13500
TATASTEEL,1700
TCS,300
TECHM,1200
TITAN,750
TORNTPHARM,250
TORNTPOWER,3000
TVSMOTOR,1400
UBL,700
ULTRACEMCO,200
UPL,1300
VEDL,6200
VOLTAS,1000
WIPRO,3200
ZEEL,3000
