symbol,token,prev_high
AARTIIND,1793,950.8
ABB,3329,2095.45
ABBOTINDIA,4583169,17350.0
ABCAPITAL,5533185,109.95
ABFRL,7707649,305.55
ACC,5633,2172.7
ADANIENT,6401,2015.0
ADANIPORTS,3861249,775.95
ALKEM,2995969,3724.95
AMARAJABAT,25601,544.8
AMBUJACEM,325121,304.8
APLLTD,6483969,767.4
APOLLOHOSP,40193,4693.7
APOLLOTYRE,41729,193.5
ASHOKLEY,54273,116.6
ASIANPAINT,60417,3094.35
ASTRAL,3691009,2021.55
ATUL,67329,10557.7
AUBANK,5436929,1235.6
AUROPHARMA,70401,700.45
AXISBANK,1510401,765.85
BAJAJ-AUTO,4267265,3729.65
BAJAJFINSV,4268801,17249.85
BAJFINANCE,81153,7274.45
BALKRISIND,85761,2125.0
BALRAMCHIN,87297,486.95
BANDHANBNK,579329,309.0
BANKBARODA,1195009,114.95
BATAINDIA,94977,1970.0
BEL,98049,211.9
BERGEPAINT,103425,697.65
BHARATFORG,108033,725.3
BHARTIARTL,2714625,769.9
BHEL,112129,50.75
BIOCON,2911489,347.6
BOSCHLTD,558337,14482.95
BPCL,134657,362.4
BRITANNIA,140033,3160.0
BSOFT,1790465,464.0
CANBK,2763265,231.75
CANFINHOME,149249,618.0
CHAMBLFERT,163073,432.55
CHOLAFIN,175361,736.7
CIPLA,177665,1054.8
COALINDIA,5215745,187.95
COFORGE,2955009,4532.0
COLPAL,3876097,1537.0
CONCOR,1215745,661.7
COROMANDEL,189185,815.75
CROMPTON,4376065,382.95
CUB,1459457,129.9
CUMMINSIND,486657,1132.55
DABUR,197633,529.6
DALBHARAT,2067201,1502.4
DEEPAKNTR,5105409,2246.2
DELTACORP,3851265,332.7
DIVISLAB,2800641,4625.0
DIXON,5552641,4384.0
DLF,3771393,387.45
DRREDDY,225537,4366.5
EICHERMOT,232961,2518.2
ESCORTS,245249,1677.0
EXIDEIND,173057,154.0
FEDERALBNK,261889,98.65
FSL,3661825,130.0
GAIL,1207553,154.3
GLENMARK,1895937,456.8
GMRINFRA,3463169,37.6
GNFC,300545,840.4
GODREJCP,2585345,733.0
GODREJPROP,4576001,1676.95
GRANULES,3039233,314.9
GRASIM,315393,1677.95
GSPL,3378433,259.9
GUJGASLTD,2713345,496.9
HAL,589569,1415.05
HAVELLS,2513665,1170.0
HCLTECH,1850625,1181.95
HDFC,340481,2388.0
HDFCAMC,1086465,2170.0
HDFCBANK,341249,1482.75
HDFCLIFE,119553,543.35
HEROMOTOCO,345089,2281.0
HINDALCO,348929,622.0
HINDCOPPER,4592385,113.55
HINDPETRO,359937,273.65
HINDUNILVR,356865,2019.0
HONAUT,874753,40028.85
IBULHSGFIN,7712001,163.25
ICICIBANK,1270529,731.75
ICICIGI,5573121,1336.35
ICICIPRULI,4774913,505.5
IDEA,3677697,10.0
IDFC,3060993,63.05
IDFCFIRSTB,2863105,40.15
IEX,56321,228.7
IGL,2883073,377.0
INDHOTEL,387073,245.5
INDIACEM,387841,213.75
INDIAMART,2745857,4449.5
INDIGO,2865921,2011.75
INDUSINDBK,1346049,945.0
INDUSTOWER,7458561,222.65
INFY,408065,1919.0
INTELLECT,1517057,923.7
IOC,415745,119.7
IPCALAB,418049,1082.0
IRCTC,3484417,795.0
ITC,424961,256.4
JINDALSTEL,1723649,536.6
JKCEMENT,3397121,2454.45
JSWSTEEL,3001089,750.7
JUBLFOOD,4632577,2669.65
KOTAKBANK,492033,1768.85
L&TFH,6386689,83.5
LALPATHLAB,2983425,2665.0
LAURUSLABS,4923905,600.0
LICHSGFIN,511233,368.25
LT,2939649,1777.05
LTI,4561409,6329.45
LTTS,4752385,5125.3
LUPIN,2672641,767.0
M&M,519937,795.0
M&MFIN,3400961,160.5
MANAPPURAM,4879617,115.5
MARICO,1041153,491.2
MARUTI,2815745,7629.95
MCDOWELL-N,2674433,883.7
MCX,7982337,1445.0
METROPOLIS,2452737,2110.45
MFSL,548353,749.9
MGL,4488705,791.5
MINDTREE,3675137,4478.75
MOTHERSUMI,1076225,138.9
MPHASIS,1152769,3439.0
MRF,582913,65899.95
MUTHOOTFIN,6054401,1319.0
NAM-INDIA,91393,347.2
NATIONALUM,1629185,120.0
NAUKRI,3520257,4630.0
NAVINFLUOR,3756033,4073.85
NBCC,8042241,37.3
NESTLEIND,4598529,17347.55
NMDC,3924993,161.75
NTPC,2977281,135.95
OBEROIRLTY,5181953,961.7
OFSS,2748929,3562.5
ONGC,633601,164.85
PAGEIND,3689729,42250.0
PEL,617473,2239.0
PERSISTENT,4701441,4839.9
PETRONET,2905857,197.2
PFC,3660545,113.5
PFIZER,676609,4442.0
PIDILITIND,681985,2446.0
PIIND,6191105,2862.95
PNB,2730497,35.5
POLYCAB,2455041,2390.0
POWERGRID,3834113,218.7
PVR,3365633,1888.95
RAIN,3926273,203.95
RAMCOCEM,523009,776.0
RBLBANK,4708097,132.7
RECLTD,3930881,123.9
RELIANCE,738561,2688.0
SAIL,758529,99.0
SBICARD,4600577,882.9
SBILIFE,5582849,1127.65
SBIN,779521,500.4
SHREECEM,794369,24150.0
SIEMENS,806401,2357.25
SRF,837889,2734.6
SRTRANSFIN,1102337,1138.8
STAR,1887745,359.8
SUNPHARMA,857857,922.0
SUNTV,3431425,493.75
SYNGENE,2622209,606.0
TATACHEM,871681,997.1
TATACOMM,952577,1167.9
TATACONSUM,878593,782.75
TATAMOTORS,884737,442.5
TATAPOWER,877057,244.9
TATASTEEL,895745,1335.55
TCS,2953217,3738.0
TECHM,3465729,1534.3
TITAN,897537,2565.75
TORNTPHARM,900609,2835.0
TORNTPOWER,3529217,492.95
TRENT,502785,1285.0
TVSMOTOR,2170625,627.0
UBL,4278529,1466.4
ULTRACEMCO,2952193,6668.8
UPL,2889473,785.5
VEDL,784129,410.3
VOLTAS,951809,1273.35
WHIRLPOOL,4610817,1594.5
WIPRO,969473,609.3
ZEEL,975873,298.5
ZYDUSLIFE,2029825,358.5
